1,2,3,4,5,6,7,8,9,10,11,12,13,14,15,16,17,18,19,20,21,22,23,24,25,26,27,28,29,30,31,32,33,34,35,36,37,38,39,40,41,42,43,44,45,46,47,
Global,33 300 000,[31 400 000 - 35 300 000],28 600 000,[27 100 000 - 30 300 000],30 800 000,[29 200 000 - 32 600 000],26 700 000,[25 400 000 - 28 000 000],0.8, [0.7 - 0.8],0.8, [0.7 - 0.8],15 900 000,[14 800 000 - 17 200 000],13 600 000,[12 900 000 - 14 700 000],2 500 000,[1 600 000 - 3 400 000],2 000 000,[1 200 000 - 2 700 000],0.6, [0.5 - 0.7],0.3, [0.2 - 0.3],<0.10, [<0.10 - <0.10],<0.10, [<0.10 - <0.10],2 600 000,[2 300 000 - 2 800 000],2 200 000,[2 000 000 - 2 400 000],1 800 000,[1 600 000 - 2 100 000],1 800 000,[1 600 000 - 2 000 000],16 600 000,[14 400 000 - 18 800 000],10 000 000,[7 900 000 - 12 500 000],...,...,...,...,...,...,
Angola,200 000,[160 000 - 250 000],140 000,[110 000 - 190 000],180 000,[140 000 - 220 000],130 000,[100 000 - 170 000],2.0, [1.6 - 2.4],1.9, [1.4 - 2.4],110 000,[85 000 - 130 000],77 000,[59 000 - 100 000],22 000,[12 000 - 35 000],14 000,[6900 - 24 000],1.6, [1.1 - 2.2],0.6, [0.4 - 0.9],0.21, [0.14 - 0.28],0.22, [0.17 - 0.28],22 000,[16 000 - 29 000],17 000,[12 000 - 23 000],11 000,[7700 - 16 000],10 000,[6500 - 14 000],140 000,[95 000 - 200 000],65 000,[30 000 - 110 000],...,...,...,...,...,...,
Benin,60 000,[52 000 - 69 000],50 000,[42 000 - 62 000],55 000,[48 000 - 63 000],47 000,[40 000 - 56 000],1.2, [1.0 - 1.3],1.4, [1.2 - 1.7],32 000,[27 000 - 37 000],27 000,[23 000 - 33 000],5400,[2900 - 7800],3100,[1600 - 6600],0.7, [0.5 - 1.1],0.3, [0.2 - 0.4],0.10, [<0.10 - 0.13],0.11, [<0.10 - 0.15],4900,[3400 - 6500],4000,[2700 - 5400],2700,[1800 - 3700],3100,[1900 - 5200],30 000,[18 000 - 53 000],13 000,[5100 - 100 000],2009,4.2,2009,24.7,...,...,
Botswana,320 000,[300 000 - 350 000],270 000,[250 000 - 290 000],300 000,[280 000 - 330 000],260 000,[240 000 - 280 000],24.8, [23.8 - 25.8],26.3, [25.5 - 27.4],170 000,[160 000 - 190 000],150 000,[140 000 - 160 000],16 000,[9900 - 20 000],14 000,[7800 - 19 000],11.8, [9.0 - 15.9],5.2, [3.7 - 7.3],1.56, [1.11 - 2.27],3.03, [2.64 - 3.48],14 000,[10 000 - 20 000],13 000,[9400 - 19 000],5800,[2300 - 14 000],15 000,[12 000 - 18 000],93 000,[71 000 - 120 000],56 000,[45 000 - 72 000],...,...,...,...,...,...,
Burkina Faso,110 000,[91 000 - 140 000],140 000,[120 000 - 180 000],93 000,[77 000 - 120 000],120 000,[99 000 - 150 000],1.2, [1.0 - 1.5],2.1, [1.7 - 2.5],56 000,[44 000 - 70 000],73 000,[60 000 - 92 000],17 000,[8100 - 25 000],24 000,[12 000 - 37 000],0.8, [0.6 - 1.2],0.5, [0.3 - 0.6],<0.10, [<0.10 - 0.11],0.11, [<0.10 - 0.16],6800,[4300 - 11 000],5000,[2800 - 7900],7100,[4800 - 9700],15 000,[11 000 - 19 000],140 000,[100 000 - 170 000],140 000,[100 000 - 190 000],...,...,2005,16.3,...,...,
Burundi,180 000,[160 000 - 190 000],170 000,[160 000 - 190 000],150 000,[130 000 - 160 000],150 000,[140 000 - 160 000],3.3, [2.9 - 3.5],5.0, [4.8 - 5.1],90 000,[78 000 - 100 000],90 000,[81 000 - 99 000],28 000,[17 000 - 40 000],26 000,[16 000 - 36 000],2.1, [1.6 - 2.7],1.0, [0.8 - 1.2],…, [0.17 - 0.28],…, [0.34 - 0.47],…,[11 000 - 17 000],…,[7000 - 11 000],15 000,[12 000 - 17 000],14 000,[12 000 - 17 000],200 000,[170 000 - 230 000],130 000,[110 000 - 160 000],...,...,2007,39.8,...,...,
Cameroon,610 000,[540 000 - 670 000],480 000,[430 000 - 530 000],550 000,[500 000 - 610 000],440 000,[400 000 - 490 000],5.3, [4.9 - 5.8],5.5, [5.1 - 6.0],320 000,[290 000 - 370 000],260 000,[230 000 - 290 000],54 000,[29 000 - 78 000],33 000,[18 000 - 50 000],3.9, [3.1 - 5.4],1.6, [1.2 - 2.1],0.53, [0.43 - 0.61],0.59, [0.50 - 0.69],58 000,[48 000 - 67 000],48 000,[39 000 - 56 000],37 000,[29 000 - 46 000],31 000,[25 000 - 37 000],330 000,[270 000 - 420 000],140 000,[91 000 - 230 000],...,...,2009,35.5,...,...,
Central African Republic,130 000,[110 000 - 140 000],180 000,[160 000 - 220 000],110 000,[98 000 - 120 000],170 000,[150 000 - 200 000],4.7, [4.2 - 5.2],8.9, [8.1 - 10.6],67 000,[57 000 - 78 000],99 000,[86 000 - 120 000],17 000,[8200 - 25 000],17 000,[8600 - 25 000],2.2, [1.4 - 3.1],1.0, [0.6 - 1.4],0.17, [<0.10 - 0.25],0.56, [0.43 - 0.69],5200,[3100 - 7100],3600,[1800 - 5200],11 000,[8800 - 13 000],15 000,[12 000 - 20 000],140 000,[110 000 - 180 000],82 000,[54 000 - 120 000],...,...,...,...,...,...,
Chad,210 000,[170 000 - 300 000],140 000,[99 000 - 180 000],180 000,[150 000 - 280 000],130 000,[91 000 - 170 000],3.4, [2.8 - 5.1],3.2, [2.3 - 4.0],110 000,[88 000 - 160 000],76 000,[54 000 - 98 000],23 000,[12 000 - 35 000],13 000,[6400 - 22 000],2.5, [1.7 - 5.2],1.0, [0.7 - 2.0],…, [0.15 - 0.87],…, [0.39 - 0.55],...,[12 000 - 47 000],...,[8000 - 39 000],11 000,[8100 - 15 000],8900,[5400 - 13 000],120 000,[79 000 - 170 000],50 000,[26 000 - 91 000],...,...,2009,20.0,...,...,
Comoros,<500,[<200 - <500],<100,[<100 - <200],<500,[<200 - <500],<100,[<100 - <100],0.1, [<0.1 - 0.1],<0.1, [<0.1 - <0.1],<100,[<100 - <100],<100,[<100 - <100],...,...,...,...,<0.1, [<0.1 - <0.1],<0.1, [<0.1 - 0.1],…, [<0.10 - <0.10],…, [<0.10 - <0.10],...,[<100 - <100],...,[<100 - <100],<100,[<100 - <100],<100,[<100 - <100],<100,[<100 - <100],<100,[<100 - <100],...,...,…,...,...,...,
Congo,77 000,[68 000 - 87 000],69 000,[61 000 - 80 000],69 000,[61 000 - 78 000],61 000,[54 000 - 71 000],3.4, [3.1 - 3.8],3.8, [3.4 - 4.4],40 000,[35 000 - 47 000],36 000,[31 000 - 42 000],7900,[4000 - 12 000],8300,[4200 - 12 000],2.6, [2.1 - 3.6],1.2, [0.9 - 1.6],0.28, [0.23 - 0.35],0.43, [0.36 - 0.51],6500,[5200 - 7900],5100,[4100 - 6300],5100,[4100 - 6400],5800,[4800 - 7100],51 000,[41 000 - 66 000],51 000,[34 000 - 73 000],...,...,...,...,...,...,
Cote dIvoire,450 000,[390 000 - 510 000],630 000,[560 000 - 710 000],380 000,[340 000 - 440 000],570 000,[510 000 - 640 000],3.4, [3.1 - 3.9],6.5, [5.9 - 7.1],220 000,[190 000 - 260 000],320 000,[280 000 - 370 000],63 000,[32 000 - 91 000],59 000,[31 000 - 95 000],1.5, [1.1 - 2.3],0.7, [0.5 - 1.1],0.11, [<0.10 - 0.20],0.39, [0.30 - 0.51],17 000,[11 000 - 27 000],11 000,[5700 - 19 000],36 000,[29 000 - 44 000],51 000,[37 000 - 66 000],440 000,[330 000 - 550 000],270 000,[170 000 - 440 000],...,...,...,...,...,...,
Democratic Republic of the Congo,...,[430 000 - 560 000],...,[310 000 - 420 000],...,[380 000 - 490 000],...,[270 000 - 360 000],..., [1.2 - 1.6],..., [1.1 - 1.5],...,[220 000 - 300 000],...,[160 000 - 220 000],...,[33 000 - 86 000],...,[26 000 - 70 000],..., [0.9 - 1.5],..., [0.4 - 0.6],..., [0.13 - 0.18],..., [0.13 - 0.18],...,[49 000 - 67 000],...,[38 000 - 52 000],...,[26 000 - 40 000],...,[24 000 - 34 000],...,[350 000 - 510 000],...,[290 000 - 450 000],...,...,...,...,...,...,
Equatorial Guinea,20 000,[14 000 - 26 000],5700,[3900 - 9100],18 000,[13 000 - 23 000],5400,[3700 - 8700],5.0, [3.5 - 6.6],1.9, [1.3 - 3.1],11 000,[7600 - 14 000],3100,[2100 - 5100],1600,[<1000 - 2600],<500,[<200 - <1000],5.0, [2.7 - 7.9],1.9, [1.0 - 3.2],…, [0.23 - 1.20],…, [0.38 - 0.83],...,[1200 - 4500],...,[<1000 - 3800],<1000,[<1000 - 1400],<500,[<200 - <500],4100,[2500 - 6400],<1000,[<500 - <1000],...,...,...,...,...,...,
Eritrea,25 000,[18 000 - 33 000],26 000,[19 000 - 34 000],22 000,[16 000 - 29 000],23 000,[18 000 - 31 000],0.8, [0.6 - 1.0],1.2, [0.9 - 1.5],13 000,[9800 - 18 000],14 000,[11 000 - 19 000],3100,[1500 - 5000],2300,[1200 - 4100],0.4, [0.2 - 0.7],0.2, [0.1 - 0.3],<0.10, [<0.10 - <0.10],<0.10, [<0.10 - 0.14],1300,[<1000 - 2300],<1000,[<500 - 1700],1700,[1000 - 2500],1800,[1200 - 2600],19 000,[12 000 - 28 000],8700,[4100 - 18 000],...,...,2008,7.8,...,...,
Ethiopia,...,...,...,...,...,...,...,...,...,...,...,...,...,...,...,...,...,...,...,...,...,...,...,...,...,...,...,...,...,...,...,...,...,...,...,...,...,...,...,...,...,...,...,...,...,...,
Gabon,46 000,[37 000 - 55 000],36 000,[29 000 - 46 000],43 000,[35 000 - 51 000],34 000,[27 000 - 43 000],5.2, [4.2 - 6.2],5.3, [4.3 - 6.8],25 000,[20 000 - 30 000],20 000,[16 000 - 25 000],3200,[1700 - 4800],2000,[1200 - 3100],3.5, [2.1 - 5.2],1.4, [0.8 - 2.0],0.43, [0.10 - 0.61],0.63, [0.46 - 0.85],3600,[1300 - 5000],3100,[<1000 - 4300],2400,[1600 - 3400],2000,[1500 - 2800],18 000,[12 000 - 25 000],7600,[5200 - 11 000],...,...,2010,23.6,...,...,
Gambia,18 000,[12 000 - 26 000],4300,[2400 - 8400],17 000,[11 000 - 24 000],3900,[2200 - 7500],2.0, [1.3 - 2.9],0.6, [0.3 - 1.1],9700,[6200 - 14 000],2300,[1300 - 4400],...,...,...,...,2.4, [1.4 - 4.0],0.9, [0.5 - 1.6],…, [0.21 - 0.83],..., [<0.10 - 0.22],...,[1900 - 6400],...,[1600 - 5800],<1000,[<500 - 1200],<500,[<200 - <1000],2800,[1400 - 6500],<1000,[<500 - 6400],...,...,...,...,...,...,
Ghana,260 000,[230 000 - 300 000],250 000,[220 000 - 280 000],240 000,[210 000 - 260 000],230 000,[200 000 - 260 000],1.8, [1.6 - 2.0],2.3, [2.0 - 2.5],140 000,[120 000 - 160 000],130 000,[120 000 - 150 000],27 000,[14 000 - 41 000],18 000,[9900 - 29 000],1.3, [0.9 - 1.8],0.5, [0.4 - 0.7],0.15, [0.12 - 0.19],0.18, [0.15 - 0.22],22 000,[17 000 - 27 000],18 000,[14 000 - 23 000],18 000,[14 000 - 22 000],16 000,[13 000 - 21 000],160 000,[120 000 - 210 000],60 000,[42 000 - 120 000],...,...,2009,25.0,...,...,
Guinea,79 000,[65 000 - 95 000],78 000,[57 000 - 120 000],70 000,[58 000 - 84 000],70 000,[52 000 - 100 000],1.3, [1.1 - 1.6],1.7, [1.2 - 2.4],41 000,[34 000 - 50 000],41 000,[30 000 - 61 000],9000,[4300 - 14 000],8400,[3500 - 18 000],0.9, [0.6 - 1.3],0.4, [0.3 - 0.6],0.10, [<0.10 - 0.13],0.15, [0.11 - 0.21],6200,[3800 - 8400],4800,[2600 - 6600],4700,[3100 - 6900],6300,[3000 - 14 000],59 000,[34 000 - 120 000],40 000,[12 000 - 100 000],...,...,2008,32.7,...,...,
Guinea-Bissau,22 000,[18 000 - 26 000],14 000,[12 000 - 17 000],20 000,[16 000 - 24 000],13 000,[11 000 - 16 000],2.5, [2.0 - 3.0],2.0, [1.7 - 2.4],12 000,[9300 - 14 000],7800,[6400 - 9300],2100,[1100 - 3200],<1000,[<1000 - 1400],2.0, [1.5 - 2.9],0.8, [0.5 - 1.1],0.21, [0.14 - 0.32],0.32, [0.24 - 0.40],2100,[1400 - 2900],1600,[1100 - 2300],1200,[<1000 - 1600],<1000,[<1000 - <1000],9700,[7700 - 12 000],2800,[1800 - 3900],...,...,2009,39.6,...,...,
Kenya,1 500 000,[1 300 000 - 1 600 000],1 500 000,[1 400 000 - 1 600 000],1 300 000,[1 200 000 - 1 400 000],1 300 000,[1 200 000 - 1 400 000],6.3, [5.8 - 6.5],8.4, [8.1 - 9.0],760 000,[650 000 - 860 000],780 000,[700 000 - 870 000],180 000,[98 000 - 260 000],170 000,[98 000 - 230 000],4.1, [3.0 - 5.4],1.8, [1.3 - 2.4],0.53, [0.34 - 0.70],0.55, [0.38 - 0.76],110 000,[81 000 - 150 000],92 000,[61 000 - 120 000],80 000,[61 000 - 99 000],120 000,[100 000 - 150 000],1 200 000,[980 000 - 1 400 000],820 000,[640 000 - 1 100 000],...,...,...,...,...,...,
Lesotho,290 000,[260 000 - 310 000],240 000,[220 000 - 270 000],260 000,[240 000 - 280 000],230 000,[210 000 - 250 000],23.6, [22.3 - 25.2],24.5, [23.1 - 26.1],160 000,[140 000 - 180 000],140 000,[130 000 - 160 000],28 000,[17 000 - 37 000],18 000,[11 000 - 23 000],14.2, [11.2 - 19.2],5.4, [4.1 - 7.4],2.58, [2.18 - 3.04],2.88, [2.53 - 3.40],23 000,[20 000 - 27 000],20 000,[17 000 - 24 000],14 000,[10 000 - 18 000],14 000,[12 000 - 18 000],130 000,[110 000 - 160 000],52 000,[41 000 - 68 000],...,...,...,...,...,...,
Liberia,37 000,[32 000 - 43 000],51 000,[36 000 - 70 000],31 000,[27 000 - 37 000],46 000,[33 000 - 63 000],1.5, [1.3 - 1.8],3.1, [2.2 - 4.1],19 000,[16 000 - 22 000],27 000,[19 000 - 37 000],6100,[3000 - 9900],4600,[2100 - 8400],0.7, [0.2 - 1.2],0.3, [0.1 - 0.5],…, [<0.10 - 0.17],..., [<0.10 - 0.22],...,[<1000 - 3800],...,[<200 - 3100],3600,[2800 - 4600],3900,[2300 - 6200],52 000,[34 000 - 76 000],19 000,[9900 - 33 000],...,...,...,...,...,...,
Madagascar,24 000,[19 000 - 30 000],18 000,[15 000 - 22 000],23 000,[18 000 - 28 000],17 000,[14 000 - 20 000],0.2, [0.2 - 0.3],0.2, [0.2 - 0.3],7300,[5800 - 9000],5400,[4500 - 6400],...,...,...,...,0.1, [<0.1 - 0.1],0.1, [0.1 - 0.4],…, [<0.10 - <0.10],..., [<0.10 - <0.10],...,[1800 - 3700],...,[1600 - 3400],1700,[1400 - 2000],1300,[1100 - 1600],11 000,[9300 - 14 000],9500,[7600 - 12 000],...,...,2007,0.5,...,...,
Malawi,920 000,[830 000 - 1 000 000],860 000,[770 000 - 960 000],800 000,[730 000 - 890 000],760 000,[690 000 - 840 000],11.0, [10.0 - 12.1],13.8, [12.7 - 15.1],470 000,[410 000 - 530 000],440 000,[390 000 - 500 000],120 000,[68 000 - 170 000],100 000,[57 000 - 140 000],6.8, [5.3 - 9.2],3.1, [2.3 - 4.2],0.95, [0.67 - 1.23],1.35, [1.15 - 1.61],73 000,[57 000 - 91 000],56 000,[40 000 - 72 000],51 000,[38 000 - 67 000],68 000,[57 000 - 81 000],650 000,[540 000 - 780 000],430 000,[330 000 - 550 000],...,...,2006,70.7,...,...,
Mali,76 000,[61 000 - 96 000],89 000,[72 000 - 110 000],66 000,[52 000 - 84 000],80 000,[66 000 - 98 000],1.0, [0.8 - 1.3],1.6, [1.3 - 1.9],40 000,[31 000 - 52 000],48 000,[40 000 - 59 000],...,...,...,...,0.5, [0.2 - 0.9],0.2, [0.1 - 0.4],<0.10, [<0.10 - 0.12],<0.10, [<0.10 - 0.14],4600,[1300 - 8300],3400,[<500 - 6800],4400,[3000 - 6100],7200,[4200 - 11 000],59 000,[36 000 - 93 000],35 000,[15 000 - 89 000],...,...,2006,35.3,...,...,
Mauritania,14 000,[11 000 - 17 000],8900,[7300 - 11 000],13 000,[11 000 - 16 000],8600,[7100 - 11 000],0.7, [0.6 - 0.9],0.6, [0.5 - 0.7],4000,[3200 - 4900],2600,[2100 - 3200],...,...,...,...,0.3, [0.1 - 0.5],0.4, [0.2 - 1.4],…, [<0.10 - 0.11],..., [<0.10 - 0.11],...,[<1000 - 1900],...,[<1000 - 1700],<1000,[<1000 - 1000],<500,[<500 - <1000],3600,[2700 - 4800],1500,[<1000 - 2200],...,...,2007,7.6,...,...,
Mauritius,8800,[6400 - 12 000],3100,[2100 - 4200],8700,[6300 - 12 000],3100,[2100 - 4200],1.0, [0.7 - 1.3],0.4, [0.3 - 0.5],2500,[1800 - 3400],<1000,[<1000 - 1200],...,...,...,...,0.2, [0.1 - 0.3],0.3, [0.2 - 0.4],…, [<0.10 - 0.22],..., [<0.10 - 0.12],...,[<1000 - 1800],...,[<1000 - 1800],<500,[<500 - <1000],<200,[<100 - <200],<1000,[<500 - <1000],<200,[<100 - <500],2009,47.1,...,...,...,...,
Mozambique,1 400 000,[1 200 000 - 1 500 000],850 000,[760 000 - 940 000],1 200 000,[1 100 000 - 1 400 000],800 000,[720 000 - 870 000],11.5, [10.6 - 12.2],9.4, [8.7 - 10.3],760 000,[680 000 - 840 000],470 000,[430 000 - 530 000],130 000,[70 000 - 180 000],53 000,[30 000 - 77 000],8.6, [7.0 - 12.1],3.1, [2.4 - 4.4],1.19, [0.99 - 1.35],1.77, [1.56 - 1.96],130 000,[110 000 - 150 000],110 000,[91 000 - 120 000],74 000,[57 000 - 92 000],43 000,[34 000 - 53 000],670 000,...,220 000,...,...,...,...,...,...,...,
Namibia,180 000,[150 000 - 210 000],160 000,[140 000 - 200 000],160 000,[140 000 - 190 000],150 000,[130 000 - 180 000],13.1, [11.1 - 15.5],16.1, [13.6 - 19],95 000,[79 000 - 110 000],90 000,[76 000 - 110 000],16 000,[9100 - 23 000],7900,[4400 - 11 000],5.8, [3.7 - 8.6],2.3, [1.3 - 3.6],0.43, [<0.10 - 0.93],2.29, [1.77 - 2.90],5800,[2100 - 11 000],4400,[<1000 - 9300],6700,[2500 - 11 000],8100,[6200 - 11 000],70 000,[50 000 - 96 000],30 000,[22 000 - 42 000],...,...,...,...,...,...,
Niger,61 000,[50 000 - 77 000],53 000,[43 000 - 67 000],53 000,[43 000 - 67 000],49 000,[40 000 - 61 000],0.8,[0.7 - 1.0],1.0,[0.8 - 1.3],28 000,[23 000 - 36 000],25 000,[20 000 - 32 000],…,…,…,…,0.5,[0.4 - 0.6],0.2,[0.2 - 0.3],<0.10,[<0.10 - 0.10],<0.10,[<0.10 - 0.12],6100,[4300 - 8400],4600,[3200 - 6100],4300,[3300 - 5600],3300,[2500 - 4500],57 000,[44 000 - 73 000],17 000,[12 000 - 24 000],...,...,2009,35.6,...,...,
Nigeria,3 300 000,[2 900 000 - 3 600 000],2 700 000,[2 300 000 - 3 100 000],2 900 000,[2 600 000 - 3 200 000],2 400 000,[2 100 000 - 2 700 000],3.6, [3.3 - 4.0],3.8, [3.4 - 4.2],1 700 000,[1 500 000 - 1 900 000],1 400 000,[1 200 000 - 1 600 000],360 000,[180 000 - 520 000],270 000,[130 000 - 410 000],2.9, [2.3 - 3.9],1.2, [0.9 - 1.6],0.38, [0.33 - 0.44],0.39, [0.33 - 0.47],340 000,[280 000 - 390 000],270 000,[230 000 - 310 000],220 000,[170 000 - 260 000],210 000,[130 000 - 260 000],2 500 000,[1 800 000 - 3 100 000],1 300 000,[420 000 - 1 900 000],2007,5.6,2007,32.7,2007,13.5,
Rwanda,170 000,[140 000 - 190 000],170 000,[150 000 - 210 000],140 000,[120 000 - 160 000],150 000,[140 000 - 170 000],2.9, [2.5 - 3.3],3.7, [3.4 - 4.4],88 000,[76 000 - 98 000],91 000,[83 000 - 110 000],22 000,[11 000 - 34 000],23 000,[11 000 - 38 000],1.9, [1.3 - 2.3],1.3, [0.9 - 1.6],0.18, [<0.10 - 0.32],0.34, [0.26 - 0.41],8800,[3800 - 15 000],6000,[1100 - 12 000],4100,[<1000 - 9700],15 000,[12 000 - 21 000],130 000,[98 000 - 180 000],170 000,[140 000 - 250 000],...,...,...,...,...,...,
Senegal,59 000,[50 000 - 69 000],33 000,[29 000 - 38 000],54 000,[46 000 - 63 000],31 000,[26 000 - 35 000],0.9, [0.7 - 1.0],0.6, [0.6 - 0.7],32 000,[27 000 - 38 000],18 000,[16 000 - 21 000],...,...,...,...,0.7, [0.5 - 1.0],0.3, [0.2 - 0.4],<0.10, [<0.10 - 0.11],0.10, [<0.10 - 0.12],6000,[4100 - 7900],4800,[3100 - 6300],2600,[1900 - 3500],1800,[1500 - 2300],19 000,[15 000 - 25 000],8700,[6600 - 11 000],...,...,2006,19.8,2007,21.8,
Sierra Leone,49 000,[40 000 - 63 000],25 000,[13 000 - 39 000],46 000,[38 000 - 59 000],24 000,[13 000 - 38 000],1.6, [1.4 - 2.1],1.1, [0.6 - 1.7],28 000,[22 000 - 35 000],14 000,[7500 - 23 000],2900,[1500 - 4500],<1000,[<500 - 2100],1.5, [0.9 - 2.5],0.6, [0.3 - 1.0],0.14, [<0.10 - 0.35],0.22, [0.16 - 0.29],4700,[3000 - 9900],3900,[2300 - 8900],2800,[2100 - 3700],<1000,[<500 - 2200],15 000,[9200 - 26 000],2100,[1000 - 7000],...,...,2005,8.5,...,...,
South Africa,5 600 000,[5 400 000 - 5 900 000],4 600 000,[4 500 000 - 4 700 000],5 300 000,[5 100 000 - 5 500 000],4 400 000,[4 300 000 - 4 500 000],17.8, [17.2 - 18.3],17.1, [16.7 - 17.5],3 300 000,[3 000 000 - 3 500 000],2 600 000,[2 500 000 - 2 700 000],330 000,[190 000 - 440 000],170 000,[97 000 - 220 000],13.6, [12.3 - 15.0],4.5, [4.1 - 5.0],1.49, [1.27 - 1.76],2.35, [2.14 - 2.60],390 000,[340 000 - 440 000],340 000,[300 000 - 400 000],310 000,[260 000 - 390 000],220 000,[180 000 - 260 000],1 900 000,[1 600 000 - 2 400 000],580 000,[460 000 - 750 000],...,...,...,...,2008,13.2,
Swaziland,180 000,[170 000 - 200 000],130 000,[120 000 - 150 000],170 000,[160 000 - 180 000],130 000,[120 000 - 140 000],25.9, [24.9 - 27.0],23.6, [22.4 - 24.8],100 000,[91 000 - 110 000],74 000,[69 000 - 82 000],14 000,[8300 - 18 000],7600,[4700 - 10 000],15.6, [12.6 - 21.3],6.5, [4.8 - 8.8],2.66, [2.19 - 3.14],4.07, [3.72 - 4.46],14 000,[12 000 - 16 000],12 000,[10 000 - 14 000],7000,[4600 - 10 000],6800,[5700 - 8400],69 000,[55 000 - 86 000],29 000,[23 000 - 37 000],...,...,...,...,...,...,
Togo,120 000,[99 000 - 150 000],100 000,[82 000 - 130 000],110 000,[91 000 - 140 000],98 000,[76 000 - 120 000],3.2, [2.5 - 3.8],3.6, [2.8 - 4.3],67 000,[54 000 - 83 000],57 000,[45 000 - 72 000],11 000,[3700 - 18 000],6700,[2700 - 11 000],2.2, [1.5 - 3.1],0.9, [0.6 - 1.2],0.27, [0.15 - 0.39],0.37, [0.28 - 0.48],10 000,[6200 - 14 000],8700,[5100 - 12 000],7700,[5300 - 10 000],6400,[4600 - 8400],66 000,[47 000 - 89 000],25 000,[12 000 - 45 000],...,...,2005,44.5,...,...,
Uganda,1 200 000,[1 100 000 - 1 300 000],980 000,[870 000 - 1 100 000],1 000 000,[940 000 - 1 100 000],840 000,[760 000 - 920 000],6.5, [5.9 - 6.9],7.0, [6.4 - 7.4],610 000,[540 000 - 680 000],490 000,[430 000 - 560 000],150 000,[80 000 - 210 000],150 000,[84 000 - 210 000],4.8, [4.0 - 6.4],2.3, [1.8 - 2.8],0.74, [0.62 - 0.85],0.71, [0.61 - 0.82],120 000,[100 000 - 140 000],100 000,[84 000 - 120 000],64 000,[49 000 - 80 000],89 000,[75 000 - 100 000],1 200 000,[1 000 000 - 1 400 000],1 100 000,[860 000 - 1 400 000],...,...,...,...,...,...,
United Republic of Tanzania,1 400 000,[1 300 000 - 1 500 000],1 400 000,[1 200 000 - 1 500 000],1 200 000,[1 100 000 - 1 400 000],1 200 000,[1 100 000 - 1 300 000],5.6, [5.3 - 6.1],7.1, [6.7 - 7.7],730 000,[650 000 - 830 000],720 000,[640 000 - 800 000],160 000,[83 000 - 240 000],150 000,[83 000 - 210 000],3.9, [3.1 - 5.3],1.7, [1.3 - 2.3],0.45, [0.34 - 0.57],0.64, [0.55 - 0.76],100 000,[82 000 - 130 000],88 000,[66 000 - 110 000],86 000,[69 000 - 110 000],110 000,[94 000 - 130 000],1 300 000,[1 100 000 - 1 500 000],840 000,[690 000 - 1 000 000],...,...,...,...,...,...,
Zambia,980 000,[890 000 - 1 100 000],830 000,[750 000 - 900 000],860 000,[800 000 - 940 000],730 000,[670 000 - 790 000],13.5, [12.8 - 14.1],14.3, [13.7 - 15.0],490 000,[440 000 - 550 000],420 000,[380 000 - 470 000],120 000,[64 000 - 160 000],100 000,[57 000 - 140 000],8.9, [7.3 - 12.0],4.2, [3.2 - 5.5],1.17, [0.96 - 1.40],1.72, [1.52 - 1.95],76 000,[62 000 - 89 000],59 000,[48 000 - 71 000],45 000,[30 000 - 60 000],68 000,[57 000 - 78 000],690 000,[570 000 - 810 000],580 000,[410 000 - 770 000],...,...,...,...,...,...,
Zimbabwe,1 200 000,[1 100 000 - 1 300 000],1 700 000,[1 600 000 - 1 800 000],1 000 000,[950 000 - 1 200 000],1 500 000,[1 400 000 - 1 700 000],14.3, [13.4 - 15.4],23.7, [22.8 - 24.9],620 000,[530 000 - 710 000],890 000,[800 000 - 990 000],150 000,[92 000 - 200 000],160 000,[100 000 - 210 000],6.9, [5.3 - 9.3],3.3, [2.5 - 4.4],0.84, [0.54 - 1.19],1.94, [1.62 - 2.36],62 000,[45 000 - 80 000],48 000,[31 000 - 66 000],83 000,[70 000 - 97 000],130 000,[110 000 - 160 000],1 000 000,[910 000 - 1 200 000],760 000,[630 000 - 940 000],...,...,...,...,...,...,
China,740 000,[540 000 - 1 000 000],...,[240 000 - 470 000],730 000,[540 000 - 1 000 000],...,[240 000 - 470 000],0.1, [0.1 - 0.1],..., [<0.1 - 0.1],230 000,[160 000 - 300 000],...,[67 000 - 130 000],...,...,...,...,..., [<0.1 - <0.1],..., [<0.1 - <0.1],..., [<0.10 - <0.10],..., [<0.10 - <0.10],…,[47 000 - 140 000],...,[46 000 - 140 000],26 000,[24 000 - 49 000],...,[9100 - 28 000],...,...,...,...,2009,9.3,2009,0.6,2009,5.0,
Democratic People Republic of Korea,...,...,...,...,...,...,...,...,...,...,...,...,...,...,...,...,...,...,...,...,...,...,...,...,...,...,...,...,...,...,...,...,...,...,...,...,...,...,...,...,…,...,…,...,…,...,
Japan,8100,[6300 - 10 000],6500,[5200 - 8100],8100,[6300 - 10 000],6400,[5200 - 8100],<0.1, [<0.1 - <0.1],<0.1, [<0.1 - <0.1],2700,[2100 - 3400],2200,[1700 - 2700],...,...,...,...,<0.1, [<0.1 - <0.1],<0.1, [<0.1 - <0.1],<0.10, [<0.10 - <0.10],<0.10, [<0.10 - <0.10],<500,[<200 - <500],<500,[<200 - <500],<100,[<100 - <500],<100,[<100 - <200],...,...,...,...,...,...,...,...,2009,4.0,
Mongolia,<500,[<500 - <1000],<100,[<100 - <200],<500,[<500 - <1000],<100,[<100 - <200],<0.1, [<0.1 - <0.1],<0.1, [<0.1 - <0.1],<200,[<100 - <200],<100,[<100 - <100],...,...,...,...,<0.1, [<0.1 - <0.1],<0.1, [<0.1 - 0.1],<0.10, [<0.10 - <0.10],<0.10, [<0.10 - <0.10],<100,[<100 - <200],<100,[<100 - <100],<100,[<100 - <100],<100,[<100 - <100],...,...,...,...,...,...,…,...,2009,1.8,
Republic of Korea,9500,[7000 - 13 000],5200,[4100 - 6700],9500,[7000 - 13 000],5200,[4100 - 6700],<0.1, [<0.1 - <0.1],<0.1, [<0.1 - <0.1],2900,[2200 - 4000],1600,[1200 - 2000],...,...,...,...,<0.1, [<0.1 - <0.1],<0.1, [<0.1 - 0.1],<0.10, [<0.10 - <0.10],<0.10, [<0.10 - <0.10],<1000,[<500 - 1000],<1000,[<500 - 1000],<500,[<500 - <1000],<500,[<100 - <500],...,...,...,...,...,...,...,...,...,...,
Australia,20 000,[15 000 - 25 000],13 000,[10 000 - 16 000],20 000,[15 000 - 25 000],13 000,[9900 - 16 000],0.1, [0.1 - 0.2],0.1, [0.1 - 0.1],6200,[4800 - 7800],3900,[3100 - 4900],...,...,...,...,0.1, [<0.1 - 0.1],0.1, [<0.1 - 0.3],..., [<0.10 - <0.10],..., [<0.10 - <0.10],...,[<1000 - 1500],...,[<1000 - 1500],<100,[<100 - <1000],<100,[<100 - <200],...,...,...,...,2008,1.5,2008,0.1,...,...,
Fiji,<1000,[<500 - <1000],<200,[<100 - <500],<1000,[<500 - <1000],<200,[<100 - <500],0.1, [0.1 - 0.2],<0.1, [<0.1 - 0.1],<200,[<200 - <500],<100,[<100 - <100],...,...,...,...,0.1, [<0.1 - 0.1],0.1, [<0.1 - 0.3],..., [<0.10 - <0.10],..., [<0.10 - <0.10],...,[<100 - <200],...,[<100 - <200],<100,[<100 - <100],<100,[<100 - <100],...,...,...,...,...,...,...,...,...,...,
New Zealand,2500,[2000 - 3200],1600,[1400 - 2100],2400,[2000 - 3200],1600,[1400 - 2100],0.1, [0.1 - 0.1],0.1, [0.1 - 0.1],<1000,[<1000 - 1000],<1000,[<500 - <1000],...,...,...,...,<0.1, [<0.1 - 0.1],<0.1, [<0.1 - 0.1],..., [<0.10 - <0.10],..., [<0.10 - <0.10],...,[<100 - <200],...,[<100 - <200],<100,[<100 - <100],<100,[<100 - <100],...,...,...,...,2004,0.3,...,...,...,...,
Papua New Guinea,34 000,[30 000 - 39 000],14 000,[9400 - 21 000],31 000,[27 000 - 35 000],13 000,[9100 - 19 000],0.9, [0.8 - 1.0],0.5, [0.3 - 0.7],18 000,[16 000 - 21 000],7600,[5100 - 11 000],3100,[1600 - 4800],<1000,[<500 - 1500],0.8, [0.6 - 1.2],0.3, [0.2 - 0.5],<0.10, [<0.10 - 0.13],0.13, [0.11 - 0.16],3200,[2100 - 4800],2400,[1400 - 4100],1300,[<1000 - 1900],<1000,[<500 - <1000],...,...,...,...,...,...,2009,7.4,2009,4.4,
Bangladesh,6300,[5200 - 8300],1100,[<100 - 2400],6200,[5100 - 8100],1100,[<100 - 2300],<0.1, [<0.1 - <0.1],<0.1, [<0.1 - <0.1],1900,[1500 - 2400],<500,[<100 - <1000],...,...,...,...,<0.1, [<0.1 - <0.1],<0.1, [<0.1 - <0.1],<0.10, [<0.10 - <0.10],<0.10, [<0.10 - <0.10],1400,[1000 - 2400],1400,[<1000 - 2400],<200,[<100 - <500],<100,[<100 - <200],...,...,...,...,2007,1.6,2007,0.3,…,...,
Bhutan,<1000,[<1000 - 1500],<200,[<100 - <500],<1000,[<1000 - 1500],<100,[<100 - <500],0.2, [0.1 - 0.3],<0.1, [<0.1 - 0.1],<500,[<200 - <500],<100,[<100 - <100],...,...,...,...,<0.1, [<0.1 - 0.1],0.1, [<0.1 - 0.1],..., [<0.10 - 0.13],..., [<0.10 - <0.10],...,[<200 - <1000],...,[<200 - <1000],<100,[<100 - <100],<100,[<100 - <100],...,...,...,...,...,...,...,...,...,...,
Cambodia,63 000,[42 000 - 90 000],92 000,[63 000 - 130 000],56 000,[38 000 - 82 000],83 000,[58 000 - 110 000],0.5, [0.4 - 0.8],1.2, [0.8 - 1.6],35 000,[23 000 - 52 000],51 000,[34 000 - 71 000],...,...,...,...,0.1, [0.1 - 0.3],0.1, [<0.1 - 0.2],<0.10, [<0.10 - <0.10],<0.10, [<0.10 - 0.11],1700,[<1000 - 4200],1200,[<200 - 3500],3100,[<1000 - 5600],7400,[5000 - 11 000],...,...,...,...,2007,24.4,…,...,2005,4.5,
India,2 400 000,[2 100 000 - 2 800 000],2 500 000,[2 300 000 - 2 900 000],2 300 000,[2 000 000 - 2 600 000],2 500 000,[2 200 000 - 2 800 000],0.3, [0.3 - 0.4],0.4, [0.4 - 0.5],880 000,[730 000 - 1 000 000],880 000,[780 000 - 1 000 000],...,...,...,...,0.1, [0.1 - 0.2],0.1, [0.1 - 0.2],<0.10, [<0.10 - <0.10],<0.10, [<0.10 - <0.10],140 000,[110 000 - 160 000],120 000,[100 000 - 150 000],170 000,[150 000 - 200 000],140 000,[120 000 - 170 000],...,...,...,...,2009,9.2,2009,4.9,2009,7.3,
Indonesia,310 000,[200 000 - 460 000],11 000,[<100 - 34 000],300 000,[200 000 - 460 000],11 000,[<100 - 34 000],0.2, [0.1 - 0.3],<0.1, [<0.1 - <0.1],88 000,[58 000 - 130 000],3200,[<100 - 9600],...,...,...,...,<0.1, [<0.1 - 0.1],0.1, [<0.1 - 0.1],..., [<0.10 - <0.10],..., [<0.10 - <0.10],...,[29 000 - 87 000],...,[29 000 - 86 000],8300,[3800 - 15 000],<200,[<100 - 1900],...,...,...,...,2007,52.4,2007,7.8,2007,5.2,
Lao People Democratic Republic,8500,[6000 - 13 000],<1000,[<100 - 1700],8300,[5800 - 12 000],<1000,[<100 - 1700],0.2, [0.2 - 0.4],<0.1, [<0.1 - 0.1],3500,[2400 - 5500],<500,[<100 - <500],...,...,...,...,0.2, [0.1 - 0.3],0.1, [0.1 - 0.2],..., [<0.10 - <0.10],..., [<0.10 - <0.10],...,[<1000 - 3400],...,[<1000 - 3100],<200,[<100 - <500],<100,[<100 - <100],...,...,...,...,...,...,...,...,...,...,
Malaysia,100 000,[83 000 - 120 000],67 000,[57 000 - 80 000],100 000,[83 000 - 120 000],67 000,[56 000 - 80 000],0.5, [0.4 - 0.6],0.4, [0.3 - 0.5],11 000,[8600 - 15 000],6100,[4100 - 8100],...,...,...,...,<0.1, [<0.1 - <0.1],0.1, [0.1 - 0.2],<0.10, [<0.10 - <0.10],<0.10, [<0.10 - <0.10],10 000,[8400 - 13 000],10 000,[8400 - 13 000],5800,[4500 - 7200],3900,[3000 - 5200],...,...,...,...,…,22.1,…,...,2009,3.9,
Maldives,<100,[<100 - <100],<100,[<100 - <100],<100,[<100 - <100],<100,[<100 - <100],<0.1, [<0.1 - <0.1],<0.1, [<0.1 - <0.1],<100,[<100 - <100],<100,[<100 - <100],...,...,...,...,<0.1, [<0.1 - <0.1],<0.1, [<0.1 - <0.1],..., [<0.10 - <0.10],..., [<0.10 - <0.10],...,[<100 - <100],...,[<100 - <100],<100,[<100 - <100],<100,[<100 - <100],...,...,...,...,…,...,…,...,…,...,
Myanmar,240 000,[200 000 - 290 000],250 000,[190 000 - 310 000],230 000,[190 000 - 280 000],250 000,[190 000 - 310 000],0.6, [0.5 - 0.7],0.8, [0.6 - 0.9],81 000,[67 000 - 96 000],67 000,[53 000 - 83 000],...,...,...,...,0.3, [0.2 - 0.3],0.3, [0.3 - 0.4],<0.10, [<0.10 - <0.10],<0.10, [<0.10 - <0.10],17 000,[14 000 - 20 000],16 000,[14 000 - 19 000],18 000,[13 000 - 23 000],16 000,[12 000 - 20 000],...,...,...,...,2008,36.3,2008,18.1,2008,28.8,
Nepal,64 000,[51 000 - 80 000],60 000,[49 000 - 72 000],60 000,[48 000 - 75 000],57 000,[47 000 - 69 000],0.4, [0.3 - 0.5],0.5, [0.4 - 0.6],20 000,[16 000 - 25 000],19 000,[15 000 - 22 000],...,...,...,...,0.1, [0.1 - 0.2],0.2, [0.1 - 0.6],<0.10, [<0.10 - <0.10],<0.10, [<0.10 - <0.10],4800,[2700 - 7800],4300,[2300 - 7200],4700,[3800 - 5700],4000,[3200 - 4900],...,...,...,...,2009,20.7,2008,2.2,2009,3.8,
Pakistan,98 000,[79 000 - 120 000],39 000,[32 000 - 48 000],95 000,[76 000 - 120 000],39 000,[32 000 - 47 000],0.1, [0.1 - 0.1],0.1, [<0.1 - 0.1],28 000,[23 000 - 35 000],11 000,[9000 - 13 000],...,...,...,...,<0.1, [<0.1 - 0.1],0.1, [<0.1 - 0.2],..., [<0.10 - <0.10],..., [<0.10 - <0.10],...,[7300 - 15 000],...,[6700 - 14 000],5800,[4500 - 7400],1400,[<1000 - 1900],...,...,...,...,2008,20.8,2009,1.0,...,...,
Philippines,8700,[6100 - 13 000],1700,[<100 - 4000],8600,[6000 - 13 000],1600,[<100 - 3900],<0.1, [<0.1 - <0.1],<0.1, [<0.1 - <0.1],2600,[1800 - 3900],<500,[<100 - 1100],...,...,...,...,<0.1, [<0.1 - <0.1],<0.1, [<0.1 - <0.1],<0.10, [<0.10 - <0.10],<0.10, [<0.10 - <0.10],2100,[1200 - 4900],2100,[1200 - 4800],<200,[<100 - <500],<100,[<100 - <500],...,...,...,...,2009,0.2,2009,0.2,2009,1.0,
Singapore,3400,[2500 - 4400],2800,[2200 - 3800],3300,[2400 - 4300],2700,[2100 - 3700],0.1, [0.1 - 0.1],0.1, [0.1 - 0.1],1000,[<1000 - 1300],<1000,[<1000 - 1100],...,...,...,...,<0.1, [<0.1 - 0.1],<0.1, [<0.1 - 0.2],..., [<0.10 - <0.10],..., [<0.10 - <0.10],...,[<100 - <500],...,[<100 - <500],<100,[<100 - <200],<100,[<100 - <500],...,...,...,...,...,...,…,...,2009,2.6,
Sri Lanka,2800,[2100 - 3800],1300,[<1000 - 1900],2800,[2100 - 3700],1300,[<1000 - 1900],<0.1, [<0.1 - <0.1],<0.1, [<0.1 - <0.1],<1000,[<500 - <1000],<500,[<200 - <500],...,...,...,...,<0.1, [<0.1 - <0.1],<0.1, [<0.1 - <0.1],<0.10, [<0.10 - <0.10],<0.10, [<0.10 - <0.10],<500,[<200 - <1000],<500,[<200 - <1000],<200,[<100 - <500],<100,[<100 - <100],...,...,...,...,...,...,…,...,2009,0.5,
Thailand,530 000,[420 000 - 660 000],640 000,[480 000 - 820 000],520 000,[410 000 - 640 000],610 000,[470 000 - 790 000],1.3, [1.0 - 1.6],1.7, [1.3 - 2.1],210 000,[160 000 - 260 000],220 000,[160 000 - 300 000],...,...,...,...,..., [0.4 - 0.7],..., [0.4 - 0.5],<0.10, [<0.10 - <0.10],<0.10, [<0.10 - <0.10],12 000,[9800 - 15 000],12 000,[9500 - 14 000],28 000,[21 000 - 37 000],52 000,[39 000 - 68 000],...,...,...,...,2009,38.7,2009,2.8,2009,13.5,
Viet Nam,280 000,[220 000 - 350 000],140 000,[110 000 - 180 000],270 000,[220 000 - 350 000],140 000,[110 000 - 170 000],0.4, [0.3 - 0.5],0.3, [0.2 - 0.3],81 000,[63 000 - 100 000],39 000,[31 000 - 50 000],...,...,...,...,0.1, [<0.1 - 0.1],0.1, [0.1 - 0.1],..., [<0.10 - <0.10],..., [<0.10 - <0.10],...,[16 000 - 38 000],...,[15 000 - 37 000],14 000,[9500 - 20 000],5500,[3900 - 7500],...,...,...,...,2009,18.4,2009,3.2,2010,16.7,
Armenia,1900,[1500 - 2400],1400,[1100 - 1700],1900,[1500 - 2300],1400,[1100 - 1700],0.1, [0.1 - 0.1],0.1, [0.1 - 0.1],<1000,[<500 - <1000],<500,[<500 - <1000],...,...,...,...,<0.1, [<0.1 - <0.1],<0.1, [<0.1 - <0.1],<0.10, [<0.10 - <0.10],<0.10, [<0.10 - <0.10],<500,[<200 - <500],<500,[<200 - <500],<100,[<100 - <200],<100,[<100 - <100],...,...,...,...,...,...,...,...,...,...,
Azerbaijan,3600,[2600 - 5200],1300,[<500 - 1700],3500,[2500 - 5100],1200,[<500 - 1600],0.1, [<0.1 - 0.1],<0.1, [<0.1 - <0.1],2100,[1500 - 3000],<1000,[<500 - <1000],...,...,...,...,0.1, [0.1 - 0.1],<0.1, [<0.1 - 0.1],..., [<0.10 - <0.10],..., [<0.10 - <0.10],...,[<500 - 1100],...,[<500 - 1100],<200,[<200 - <500],<100,[<100 - <100],...,...,...,...,2008,10.3,2008,1.7,2008,1.0,
Belarus,17 000,[13 000 - 20 000],6300,[5100 - 7800],16 000,[13 000 - 20 000],6300,[5000 - 7800],0.3, [0.2 - 0.3],0.1, [0.1 - 0.1],8300,[6700 - 10 000],2300,[1900 - 2900],...,...,...,...,0.1, [0.1 - 0.1],<0.1, [<0.1 - 0.1],<0.10, [<0.10 - <0.10],<0.10, [<0.10 - <0.10],1500,[1100 - 2200],1500,[1100 - 2200],<1000,[<500 - <1000],<200,[<100 - <500],...,...,...,...,2009,13.7,2009,6.4,2009,2.7,
Georgia,3500,[2600 - 4900],1200,[<100 - 1700],3400,[2500 - 4800],1200,[<100 - 1700],0.1, [0.1 - 0.2],<0.1, [<0.1 - 0.1],1500,[1100 - 2100],<500,[<100 - <1000],...,...,...,...,<0.1, [<0.1 - 0.1],<0.1, [<0.1 - <0.1],<0.10, [<0.10 - <0.10],<0.10, [<0.10 - <0.10],<1000,[<500 - 1200],<1000,[<500 - 1200],<100,[<100 - <200],<100,[<100 - <200],...,...,...,...,2008,2.2,2009,2.0,2007,3.6,
Kazakhstan,13 000,[9000 - 19 000],1800,[<1000 - 3400],13 000,[8900 - 19 000],1800,[<1000 - 3400],0.1, [0.1 - 0.2],<0.1, [<0.1 - <0.1],7700,[5300 - 11 000],1100,[<1000 - 2000],...,...,...,...,0.2, [0.1 - 0.3],0.1, [<0.1 - 0.1],<0.10, [<0.10 - <0.10],<0.10, [<0.10 - <0.10],1900,[1200 - 3600],1900,[1200 - 3600],<500,[<200 - <1000],<100,[<100 - <100],...,...,...,...,2009,2.9,2009,1.3,2009,0.3,
Kyrgyzstan,9800,[6500 - 16 000],<1000,[<100 - 11 000],9700,[6400 - 16 000],<1000,[<100 - 11 000],0.3, [0.2 - 0.5],<0.1, [<0.1 - 0.3],2800,[1900 - 4700],<500,[<100 - 3200],...,...,...,...,0.1, [<0.1 - 0.1],0.1, [<0.1 - 0.2],<0.10, [<0.10 - 0.22],<0.10, [<0.10 - <0.10],2600,[1400 - 6500],2600,[1400 - 6500],<500,[<100 - <500],<100,[<100 - 3300],...,...,...,...,2009,14.3,2009,1.6,...,...,
Republic of Moldova,12 000,[9900 - 16 000],12 000,[9900 - 16 000],12 000,[9800 - 15 000],12 000,[9800 - 16 000],0.4, [0.4 - 0.6],0.4, [0.3 - 0.6],5100,[4100 - 6600],3700,[2900 - 4800],...,...,...,...,0.1, [0.1 - 0.1],0.1, [<0.1 - 0.1],<0.10, [<0.10 - <0.10],<0.10, [<0.10 - <0.10],<1000,[<1000 - 1200],<1000,[<1000 - 1200],<1000,[<1000 - 1100],<1000,[<500 - <1000],...,...,...,...,...,...,...,...,...,...,
Russian Federation,980 000,[840 000 - 1 200 000],430 000,[350 000 - 550 000],960 000,[830 000 - 1 100 000],430 000,[350 000 - 550 000],1.0, [0.9 - 1.2],0.5, [0.4 - 0.6],480 000,[400 000 - 570 000],190 000,[160 000 - 250 000],...,...,...,...,0.3, [0.3 - 0.4],0.2, [0.1 - 0.2],..., [<0.10 - 0.14],..., [0.17 - 0.25],...,[67 000 - 120 000],...,[64 000 - 110 000],…,[35 000 - 65 000],…,[3000 - 6000],...,...,...,...,2009,15.6,2009,4.5,2009,8.3,
Tajikistan,9100,[6400 - 13 000],4100,[3100 - 5300],8900,[6300 - 12 000],4000,[3000 - 5200],0.2, [0.1 - 0.3],0.1, [0.1 - 0.1],2700,[1900 - 3700],1100,[<1000 - 1500],...,...,...,...,<0.1, [<0.1 - 0.1],<0.1, [<0.1 - 0.1],<0.10, [<0.10 - <0.10],<0.10, [<0.10 - <0.10],1400,[<1000 - 2300],1300,[<1000 - 2200],<500,[<500 - <1000],<200,[<200 - <500],...,...,...,...,2008,17.6,2008,2.8,...,...,
Ukraine,350 000,[300 000 - 410 000],290 000,[250 000 - 330 000],350 000,[300 000 - 410 000],290 000,[250 000 - 330 000],1.1, [1.0 - 1.3],0.9, [0.8 - 1.1],170 000,[140 000 - 200 000],130 000,[110 000 - 150 000],...,...,...,...,0.3, [0.2 - 0.4],0.2, [0.1 - 0.2],..., [<0.10 - 0.12],..., [0.10 - 0.16],...,[16 000 - 32 000],...,[16 000 - 32 000],24 000,[20 000 - 29 000],13 000,[9400 - 16 000],...,...,...,...,2009,22.9,…,...,2009,8.6,
Uzbekistan,28 000,[18 000 - 46 000],<1000,[<100 - <100],28 000,[18 000 - 45 000],<1000,[<100 - <100],0.1, [0.1 - 0.2],<0.1, [<0.1 - <0.1],8000,[4900 - 13 000],<500,[<100 - <100],...,...,...,...,<0.1, [<0.1 - 0.1],<0.1, [<0.1 - 0.1],..., [<0.10 - <0.10],..., [<0.10 - <0.10],...,[3100 - 11 000],...,[3100 - 11 000],<500,[<200 - 1000],<100,[<100 - <100],...,...,...,...,2009,11.0,2009,2.2,2009,6.8,
Austria,15 000,[12 000 - 20 000],5300,[3900 - 7000],15 000,[12 000 - 20 000],5300,[3900 - 7000],0.3, [0.2 - 0.4],0.1, [0.1 - 0.2],4600,[3500 - 5900],1600,[1100 - 2100],...,...,...,...,0.2, [0.1 - 0.3],0.3, [0.1 - 0.9],..., [<0.10 - <0.10],..., [<0.10 - <0.10],...,[<1000 - 2100],...,[<1000 - 2100],<100,[<100 - <100],<100,[<100 - <100],...,...,...,...,2009,4.0,...,...,...,...,
Belgium,14 000,[11 000 - 18 000],12 000,[9500 - 16 000],14 000,[11 000 - 18 000],12 000,[9500 - 16 000],0.2, [0.2 - 0.3],0.2, [0.2 - 0.3],4400,[3400 - 5500],3700,[2900 - 4800],...,...,...,...,<0.1, [<0.1 - 0.1],<0.1, [<0.1 - 0.1],..., [<0.10 - <0.10],..., [<0.10 - <0.10],...,[<100 - <500],...,[<100 - <500],<100,[<100 - <500],<100,[<100 - <100],...,...,...,...,2008,8.7,2009,0.4,2010,5.6,
Bulgaria,3800,[2800 - 5200],1800,[1300 - 2300],3800,[2700 - 5200],1800,[1300 - 2300],0.1, [0.1 - 0.1],<0.1, [<0.1 - <0.1],1100,[<1000 - 1500],<500,[<500 - <1000],...,...,...,...,<0.1, [<0.1 - <0.1],<0.1, [<0.1 - <0.1],..., [<0.10 - <0.10],..., [<0.10 - <0.10],...,[<500 - <1000],...,[<500 - <1000],<200,[<200 - <500],<100,[<100 - <200],...,...,...,...,2008,6.8,2008,0.7,2008,3.3,
Croatia,<1000,[<1000 - 1100],<1000,[<500 - <1000],<1000,[<1000 - 1100],<1000,[<500 - <1000],<0.1, [<0.1 - <0.1],<0.1, [<0.1 - <0.1],<500,[<500 - <500],<200,[<200 - <500],...,...,...,...,<0.1, [<0.1 - <0.1],<0.1, [<0.1 - 0.1],..., [<0.10 - <0.10],..., [<0.10 - <0.10],...,[<100 - <100],...,[<100 - <100],<100,[<100 - <100],<100,[<100 - <100],...,...,...,...,…,...,...,...,...,...,
Czech Republic,2000,[1700 - 2300],1300,[1200 - 1600],2000,[1700 - 2300],1300,[1200 - 1600],<0.1, [<0.1 - <0.1],<0.1, [<0.1 - <0.1],<1000,[<1000 - <1000],<500,[<500 - <500],...,...,...,...,<0.1, [<0.1 - <0.1],<0.1, [<0.1 - 0.1],..., [<0.10 - <0.10],..., [<0.10 - <0.10],...,[<100 - <100],...,[<100 - <100],<100,[<100 - <100],<100,[<100 - <100],...,...,...,...,2009,0.1,...,...,2009,2.6,
Denmark,5300,[4000 - 6300],3300,[2800 - 3800],5300,[4000 - 6300],3300,[2800 - 3800],0.2, [0.1 - 0.2],0.1, [0.1 - 0.1],1400,[1100 - 1700],<1000,[<1000 - 1000],...,...,...,...,0.1, [<0.1 - 0.1],0.1, [0.1 - 0.1],..., [<0.10 - <0.10],..., [<0.10 - <0.10],...,[<200 - <500],...,[<200 - <500],<100,[<100 - <200],<100,[<100 - <100],...,...,...,...,...,...,...,...,2009,11.8,
Estonia,9900,[8000 - 12 000],4700,[3800 - 5700],9800,[8000 - 12 000],4700,[3800 - 5700],1.2, [1.0 - 1.5],0.6, [0.5 - 0.8],3000,[2400 - 3800],1400,[1100 - 1700],...,...,...,...,0.2, [0.2 - 0.3],0.3, [0.2 - 0.4],..., [<0.10 - 0.14],..., [0.13 - 0.21],...,[<1000 - 1000],...,[<1000 - 1000],<500,[<500 - <1000],<200,[<100 - <200],...,...,...,...,2007,62.5,2006,7.7,2007,1.7,
Finland,2600,[2200 - 3100],1600,[1300 - 1900],2600,[2200 - 3100],1600,[1300 - 1900],0.1, [0.1 - 0.1],0.1, [<0.1 - 0.1],<1000,[<1000 - <1000],<500,[<500 - <1000],...,...,...,...,<0.1, [<0.1 - 0.1],0.1, [<0.1 - 0.2],..., [<0.10 - <0.10],..., [<0.10 - <0.10],...,[<100 - <200],...,[<100 - <200],<100,[<100 - <100],<100,[<100 - <100],...,...,...,...,2009,0.7,...,...,...,...,
France,150 000,[120 000 - 190 000],120 000,[100 000 - 140 000],150 000,[120 000 - 190 000],120 000,[100 000 - 140 000],0.4, [0.3 - 0.5],0.3, [0.3 - 0.4],48 000,[38 000 - 59 000],37 000,[31 000 - 44 000],...,...,...,...,0.1, [0.1 - 0.2],0.2, [0.1 - 0.6],<0.10, [<0.10 - <0.10],<0.10, [<0.10 - <0.10],6900,[3900 - 10 000],6800,[3900 - 10 000],1700,[1400 - 3900],1200,[<1000 - 3000],...,...,...,...,...,...,...,...,...,...,
Germany,67 000,[56 000 - 75 000],49 000,[42 000 - 56 000],67 000,[56 000 - 75 000],49 000,[42 000 - 56 000],0.1, [0.1 - 0.2],0.1, [0.1 - 0.1],12 000,[11 000 - 14 000],9000,[7700 - 10 000],...,...,...,...,<0.1, [<0.1 - <0.1],0.1, [0.1 - 0.1],<0.10, [<0.10 - <0.10],<0.10, [<0.10 - <0.10],3300,[2500 - 4200],3300,[2500 - 4200],<1000,[<1000 - 1900],<1000,[<500 - <1000],...,...,...,...,...,...,...,...,...,...,
Greece,8800,[7300 - 11 000],8100,[6800 - 9500],8800,[7300 - 11 000],8000,[6800 - 9500],0.1, [0.1 - 0.2],0.1, [0.1 - 0.1],2700,[2200 - 3200],2500,[2100 - 2900],...,...,...,...,0.1, [<0.1 - 0.1],0.1, [<0.1 - 0.2],..., [<0.10 - <0.10],..., [<0.10 - <0.10],...,[<200 - <500],...,[<200 - <500],<500,[<200 - <500],<500,[<500 - <500],...,...,...,...,...,...,...,...,...,...,
Hungary,3000,[2200 - 3900],2800,[2100 - 3700],3000,[2200 - 3900],2800,[2100 - 3700],<0.1, [<0.1 - 0.1],<0.1, [<0.1 - 0.1],<1000,[<1000 - 1300],<1000,[<1000 - 1200],...,...,...,...,<0.1, [<0.1 - <0.1],<0.1, [<0.1 - 0.1],..., [<0.10 - <0.10],..., [<0.10 - <0.10],...,[<100 - <1000],...,[<100 - <100],<200,[<100 - <200],<500,[<200 - <500],...,...,...,...,…,...,...,...,2009,2.6,
Iceland,<1000,[<500 - <1000],<500,[<500 - <500],<1000,[<500 - <1000],<500,[<500 - <500],0.3, [0.2 - 0.4],0.2, [0.2 - 0.3],<200,[<200 - <500],<100,[<100 - <200],...,...,...,...,0.1, [<0.1 - 0.1],0.1, [<0.1 - 0.4],..., [<0.10 - <0.10],..., [<0.10 - <0.10],...,[<100 - <100],...,[<100 - <100],<100,[<100 - <100],<100,[<100 - <100],...,...,...,...,...,...,...,...,...,...,
Ireland,6900,[5200 - 8700],4500,[3400 - 5900],6900,[5200 - 8700],4500,[3400 - 5900],0.2, [0.2 - 0.3],0.2, [0.1 - 0.2],2000,[1500 - 2600],1300,[1000 - 1800],...,...,...,...,0.1, [<0.1 - 0.1],0.1, [<0.1 - 0.3],..., [<0.10 - <0.10],..., [<0.10 - <0.10],...,[<100 - <500],...,[<100 - <500],<100,[<100 - <200],<100,[<100 - <100],...,...,...,...,...,...,...,...,...,...,
Israel,7500,[5600 - 9900],5200,[3900 - 6800],7500,[5600 - 9900],5100,[3900 - 6800],0.2, [0.1 - 0.2],0.1, [0.1 - 0.2],2200,[1700 - 2900],1500,[1200 - 2100],...,...,...,...,<0.1, [<0.1 - 0.1],0.1, [<0.1 - 0.2],..., [<0.10 - <0.10],..., [<0.10 - <0.10],...,[<200 - <500],...,[<200 - <500],<100,[<100 - <200],<100,[<100 - <100],...,...,...,...,...,...,...,...,...,...,
Italy,140 000,[110 000 - 180 000],130 000,[99 000 - 170 000],140 000,[110 000 - 180 000],130 000,[99 000 - 170 000],0.3, [0.2 - 0.3],0.3, [0.2 - 0.4],48 000,[36 000 - 61 000],42 000,[32 000 - 56 000],...,...,...,...,<0.1, [<0.1 - <0.1],<0.1, [<0.1 - 0.1],..., [<0.10 - <0.10],...,...,...,[1700 - 6200],...,[1700 - 6200],<1000,[<1000 - 4100],1300,[<1000 - 2400],...,...,...,...,...,...,...,...,...,...,
Latvia,8600,[6300 - 12 000],4700,[3500 - 6200],8600,[6300 - 11 000],4700,[3500 - 6200],0.7, [0.5 - 0.9],0.4, [0.3 - 0.5],2600,[1900 - 3500],1400,[1000 - 1800],...,...,...,...,0.1, [0.1 - 0.2],0.2, [0.1 - 0.2],<0.10, [<0.10 - 0.10],<0.10, [<0.10 - 0.11],<1000,[<500 - 1200],<1000,[<500 - 1200],<1000,[<500 - <1000],<200,[<100 - <500],...,...,...,...,2007,22.6,...,...,2008,4.0,
Lithuania,1200,[<1000 - 1600],<1000,[<1000 - <1000],1200,[<1000 - 1600],<1000,[<1000 - <1000],0.1, [<0.1 - 0.1],<0.1, [<0.1 - <0.1],<500,[<500 - <500],<500,[<200 - <500],...,...,...,...,<0.1, [<0.1 - <0.1],<0.1, [<0.1 - <0.1],<0.10, [<0.10 - <0.10],<0.10, [<0.10 - <0.10],<100,[<100 - <200],<100,[<100 - <200],<100,[<100 - <100],<100,[<100 - <100],...,...,...,...,2008,8.0,…,...,…,...,
Luxembourg,<1000,[<1000 - 1200],<1000,[<500 - <1000],<1000,[<1000 - 1200],<1000,[<500 - <1000],0.3, [0.2 - 0.4],0.3, [0.2 - 0.3],<500,[<500 - <500],<200,[<200 - <500],...,...,...,...,0.1, [<0.1 - 0.2],0.1, [<0.1 - 0.4],..., [<0.10 - <0.10],..., [<0.10 - <0.10],...,[<100 - <100],...,[<100 - <100],<100,[<100 - <100],<100,[<100 - <100],...,...,...,...,2008,1.8,...,...,...,...,
Malta,<500,[<500 - <500],<500,[<200 - <500],<500,[<500 - <500],<500,[<200 - <500],0.1, [0.1 - 0.1],0.1, [0.1 - 0.1],<100,[<100 - <200],<100,[<100 - <100],...,...,...,...,<0.1, [<0.1 - <0.1],<0.1, [<0.1 - 0.1],..., [<0.10 - <0.10],..., [<0.10 - <0.10],...,[<100 - <100],...,[<100 - <100],<100,[<100 - <100],<100,[<100 - <100],...,...,...,...,...,...,...,...,...,...,
Netherlands,22 000,[17 000 - 32 000],18 000,[14 000 - 24 000],22 000,[17 000 - 32 000],18 000,[14 000 - 24 000],0.2, [0.1 - 0.3],0.2, [0.1 - 0.3],6900,[5200 - 9700],5400,[4200 - 7400],...,...,...,...,<0.1, [<0.1 - 0.1],0.1, [<0.1 - 0.3],..., [<0.10 - <0.10],..., [<0.10 - <0.10],...,[<500 - 1100],...,[<500 - 1100],<100,[<100 - <500],<100,[<100 - <100],...,...,...,...,...,...,...,...,...,...,
Norway,4000,[3000 - 5400],3000,[2300 - 4100],4000,[3000 - 5400],3000,[2300 - 4100],0.1, [0.1 - 0.2],0.1, [0.1 - 0.2],1200,[<1000 - 1600],<1000,[<1000 - 1200],...,...,...,...,<0.1, [<0.1 - 0.1],<0.1, [<0.1 - 0.2],..., [<0.10 - <0.10],..., [<0.10 - <0.10],...,[<100 - <500],...,[<100 - <500],<100,[<100 - <200],<100,[<100 - <100],...,...,...,...,...,...,...,...,...,...,
Poland,27 000,[20 000 - 34 000],21 000,[16 000 - 28 000],27 000,[20 000 - 34 000],21 000,[16 000 - 28 000],0.1, [0.1 - 0.1],0.1, [0.1 - 0.1],8200,[6200 - 11 000],6400,[4800 - 8500],...,...,...,...,<0.1, [<0.1 - <0.1],<0.1, [<0.1 - 0.1],..., [<0.10 - <0.10],..., [<0.10 - <0.10],...,[<500 - 1300],...,[<500 - 1300],<200,[<100 - <1000],<100,[<100 - <200],...,...,...,...,…,...,...,...,…,...,
Portugal,42 000,[32 000 - 53 000],31 000,[24 000 - 41 000],42 000,[32 000 - 53 000],31 000,[24 000 - 41 000],0.6, [0.4 - 0.7],0.5, [0.4 - 0.6],13 000,[9900 - 16 000],9400,[7300 - 12 000],...,...,...,...,0.2, [0.1 - 0.4],0.3, [0.1 - 0.9],..., [<0.10 - <0.10],..., [<0.10 - <0.10],...,[<1000 - 2300],...,[<1000 - 2300],<500,[<100 - 1300],<500,[<500 - <500],...,...,...,...,2008,14.0,...,...,...,...,
Romania,16 000,[12 000 - 20 000],16 000,[12 000 - 20 000],15 000,[11 000 - 20 000],16 000,[12 000 - 20 000],0.1, [0.1 - 0.1],0.1, [0.1 - 0.2],4700,[3500 - 5900],4600,[3600 - 5900],...,...,...,...,<0.1, [<0.1 - 0.1],0.1, [<0.1 - 0.2],..., [<0.10 - <0.10],..., [<0.10 - <0.10],...,[<500 - 1000],...,[<500 - 1000],<1000,[<500 - 1200],<500,[<200 - <1000],...,...,...,...,2009,1.1,2009,1.0,2009,4.4,
Serbia,4900,[3500 - 7100],1900,[<500 - 2800],4900,[3400 - 7100],1900,[<500 - 2700],0.1, [0.1 - 0.2],<0.1, [<0.1 - 0.1],1200,[<1000 - 1600],<500,[<100 - <1000],...,...,...,...,0.1, [<0.1 - 0.1],0.1, [0.1 - 0.2],..., [<0.10 - <0.10],..., [<0.10 - <0.10],...,[<500 - <1000],...,[<500 - <1000],<200,[<100 - <500],<500,[<100 - <500],...,...,...,...,2008,4.8,…,...,2008,6.1,
Slovakia,<500,[<500 - <500],<200,[<200 - <500],<500,[<500 - <500],<200,[<200 - <500],<0.1, [<0.1 - <0.1],<0.1, [<0.1 - <0.1],<100,[<100 - <200],<100,[<100 - <100],...,...,...,...,<0.1, [<0.1 - <0.1],<0.1, [<0.1 - <0.1],..., [<0.10 - <0.10],..., [<0.10 - <0.10],...,[<100 - <100],...,[<100 - <100],<100,[<100 - <100],<100,[<100 - <100],...,...,...,...,...,...,...,...,...,...,
Slovenia,<1000,[<500 - <1000],<500,[<200 - <500],<1000,[<500 - <1000],<500,[<200 - <500],<0.1, [<0.1 - 0.1],<0.1, [<0.1 - <0.1],<200,[<200 - <500],<100,[<100 - <100],...,...,...,...,<0.1, [<0.1 - 0.1],<0.1, [<0.1 - 0.1],..., [<0.10 - <0.10],..., [<0.10 - <0.10],...,[<100 - <200],...,[<100 - <200],<100,[<100 - <100],<100,[<100 - <100],...,...,...,...,...,...,...,...,2009,1.6,
Spain,130 000,[120 000 - 150 000],120 000,[100 000 - 130 000],130 000,[120 000 - 150 000],110 000,[100 000 - 130 000],0.4, [0.3 - 0.4],0.4, [0.4 - 0.5],32 000,[27 000 - 36 000],28 000,[23 000 - 32 000],...,...,...,...,0.1, [0.1 - 0.1],0.2, [0.1 - 0.2],..., [<0.10 - <0.10],..., [<0.10 - <0.10],...,[2200 - 4100],...,[2200 - 4100],1600,[1200 - 2000],1800,[1500 - 2100],...,...,...,...,2008,19.5,2008,0.9,2008,10.2,
Sweden,8100,[6100 - 11 000],6300,[4900 - 8700],8100,[6100 - 11 000],6300,[4900 - 8700],0.1, [0.1 - 0.2],0.1, [0.1 - 0.2],2500,[1900 - 3400],1900,[1500 - 2700],...,...,...,...,<0.1, [<0.1 - 0.1],<0.1, [<0.1 - 0.2],..., [<0.10 - <0.10],..., [<0.10 - <0.10],...,[<100 - <500],...,[<100 - <500],<100,[<100 - <500],<100,[<100 - <100],...,...,...,...,…,...,…,...,…,...,
Switzerland,18 000,[13 000 - 24 000],13 000,[9500 - 17 000],18 000,[13 000 - 24 000],13 000,[9500 - 17 000],0.4, [0.3 - 0.5],0.3, [0.2 - 0.4],5700,[4100 - 7500],4000,[3000 - 5200],...,...,...,...,0.1, [0.1 - 0.2],0.2, [0.1 - 0.6],..., [<0.10 - <0.10],..., [<0.10 - <0.10],...,[<500 - 1000],...,[<500 - 1000],<100,[<100 - <500],<200,[<100 - <500],...,...,...,...,2006,10.9,…,...,2007,8.1,
Turkey,4600,[3400 - 6100],1700,[1300 - 2300],4500,[3300 - 6100],1700,[1300 - 2300],<0.1, [<0.1 - <0.1],<0.1, [<0.1 - <0.1],1400,[1000 - 1800],<1000,[<500 - <1000],...,...,...,...,<0.1, [<0.1 - <0.1],<0.1, [<0.1 - <0.1],..., [<0.10 - <0.10],..., [<0.10 - <0.10],...,[<500 - <1000],...,[<500 - <1000],<200,[<100 - <500],<100,[<100 - <200],...,...,...,...,...,...,…,...,...,...,
United Kingdom,85 000,[66 000 - 110 000],43 000,[35 000 - 54 000],85 000,[66 000 - 110 000],43 000,[35 000 - 53 000],0.2, [0.2 - 0.3],0.1, [0.1 - 0.2],26 000,[20 000 - 32 000],13 000,[10 000 - 16 000],...,...,...,...,0.1, [<0.1 - 0.2],0.2, [0.1 - 0.6],..., [<0.10 - <0.10],..., [<0.10 - <0.10],...,[1500 - 6000],...,[<100 - <100],<1000,[<500 - 1600],<500,[<200 - <500],...,...,...,...,...,...,...,...,...,...,
Algeria,18 000,[13 000 - 24 000],6800,[4900 - 9000],17 000,[12 000 - 24 000],6700,[4800 - 9000],0.1, [0.1 - 0.1],<0.1, [<0.1 - <0.1],5200,[3700 - 7200],2000,[1500 - 2600],...,...,...,...,<0.1, [<0.1 - 0.1],0.1, [<0.1 - 0.2],…, [<0.10 - <0.10],…, [<0.10 - <0.10],…,[1100 - 3700],…,[1000 - 3600],<1000,[<1000 - 1100],<500,[<200 - <500],...,...,...,...,...,...,...,...,...,...,
Djibouti,14 000,[10 000 - 18 000],12 000,[9000 - 16 000],13 000,[9400 - 16 000],11 000,[8600 - 15 000],2.5, [1.9 - 3.2],2.9, [2.2 - 3.9],7400,[5300 - 9500],6600,[5000 - 9000],...,...,...,...,1.9, [1.0 - 2.9],0.8, [0.4 - 1.3],0.25, [0.10 - 0.34],0.29, [0.18 - 0.51],1300,[<1000 - 1800],1100,[<500 - 1500],1000,[<1000 - 1400],<1000,[<500 - 1400],...,...,...,...,...,...,2008,20.3,...,...,
Egypt,11 000,[8400 - 17 000],3300,[2900 - 5300],10 000,[8100 - 16 000],3200,[2900 - 5300],<0.1, [<0.1 - <0.1],<0.1, [<0.1 - <0.1],2400,[2500 - 4900],<1000,[<1000 - 1600],...,...,...,...,<0.1, [<0.1 - <0.1],<0.1, [<0.1 - <0.1],…, [<0.10 - <0.10],…, [<0.10 - <0.10],…,[<1000 - 2900],…,[<1000 - 2700],<500,[<500 - <1000],<200,[<100 - <500],...,...,...,...,…,...,2006,0.9,2006,5.6,
Iran (Islamic Republic of),92 000,[74 000 - 120 000],54 000,[45 000 - 65 000],91 000,[72 000 - 110 000],54 000,[44 000 - 64 000],0.2, [0.1 - 0.2],0.1, [0.1 - 0.1],26 000,[20 000 - 33 000],15 000,[12 000 - 18 000],...,...,...,...,<0.1, [<0.1 - <0.1],<0.1, [<0.1 - <0.1],…, [<0.10 - <0.10],…, [<0.10 - <0.10],…,[5600 - 11 000],…,[5400 - 11 000],6400,[5200 - 8000],2000,[1600 - 2600],...,...,...,...,...,...,...,...,...,...,
Lebanon,3600,[2700 - 4800],3800,[2900 - 5100],3400,[2600 - 4600],3700,[2800 - 5000],0.1, [0.1 - 0.2],0.2, [0.1 - 0.2],1100,[<1000 - 1400],1100,[<1000 - 1500],...,...,...,...,<0.1, [<0.1 - 0.1],0.1, [<0.1 - 0.1],…, [<0.10 - <0.10],…, [<0.10 - <0.10],…,[<100 - <500],…,[<100 - <500],<500,[<500 - <500],<500,[<200 - <500],...,...,...,...,…,...,…,...,2008,1.0,
Morocco,26 000,[19 000 - 34 000],14 000,[11 000 - 18 000],25 000,[19 000 - 33 000],14 000,[10 000 - 18 000],0.1, [0.1 - 0.2],0.1, [0.1 - 0.1],8100,[6000 - 11 000],4300,[3300 - 5600],...,...,...,...,0.1, [<0.1 - 0.1],0.1, [<0.1 - 0.3],…, [<0.10 - <0.10],…, [<0.10 - <0.10],…,[1200 - 5800],…,[<100 - <100],1200,[<1000 - 1600],<1000,[<1000 - 1000],...,...,...,...,2009,2.1,2009,2.4,...,...,
Oman,1100,[<1000 - 1400],<500,[<500 - <1000],1100,[<1000 - 1400],<500,[<500 - <500],0.1, [<0.1 - 0.1],<0.1, [<0.1 - <0.1],<500,[<500 - <500],<200,[<200 - <200],...,...,...,...,<0.1, [<0.1 - <0.1],<0.1, [<0.1 - <0.1],…, [<0.10 - <0.10],…, [<0.10 - <0.10],…,[<200 - <500],…,[<200 - <500],<100,[<100 - <100],<100,[<100 - <100],...,...,...,...,...,...,...,...,...,...,
Qatar,<200,[<100 - <200],<100,[<100 - <100],<200,[<100 - <200],<100,[<100 - <100],<0.1, [<0.1 - <0.1],<0.1, [<0.1 - <0.1],<100,[<100 - <100],<100,[<100 - <100],...,...,...,...,<0.1, [<0.1 - <0.1],<0.1, [<0.1 - <0.1],…, [<0.10 - <0.10],…, [<0.10 - <0.10],…,[<100 - <100],…,[<100 - <100],<100,[<100 - <100],<100,[<100 - <100],...,...,...,...,...,...,...,...,...,...,
Somalia,34 000,[25 000 - 48 000],11 000,[<500 - 14 000],32 000,[23 000 - 46 000],10 000,[<500 - 13 000],0.7, [0.5 - 1.0],0.3, [<0.1 - 0.3],15 000,[11 000 - 21 000],4700,[<200 - 6300],...,...,...,...,0.6, [0.4 - 1.1],0.4, [0.3 - 0.7],…, [<0.10 - 0.29],…, [<0.10 - <0.10],…,[4200 - 13 000],…,[3700 - 11 000],1600,[1200 - 2300],<1000,[<100 - <1000],...,...,...,...,...,...,2008,5.5,...,...,
Sudan,260 000,[210 000 - 330 000],72 000,[35 000 - 98 000],250 000,[200 000 - 310 000],68 000,[34 000 - 89 000],1.1, [0.9 - 1.4],0.4, [0.2 - 0.5],140 000,[110 000 - 180 000],39 000,[20 000 - 53 000],...,...,...,...,1.3, [0.9 - 1.8],0.5, [0.4 - 0.7],…, [0.17 - 0.35],…, [<0.10 - 0.10],…,[38 000 - 74 000],…,[34 000 - 67 000],12 000,[9200 - 15 000],3500,[<1000 - 6700],...,...,...,...,...,...,2008,0.9,...,...,
Tunisia,2400,[1800 - 3300],<1000,[<500 - 1000],2400,[1700 - 3300],<1000,[<500 - 1000],<0.1, [<0.1 - 0.1],<0.1, [<0.1 - <0.1],<1000,[<1000 - 1000],<500,[<100 - <500],...,...,...,...,<0.1, [<0.1 - <0.1],<0.1, [<0.1 - 0.1],…, [<0.10 - <0.10],…, [<0.10 - <0.10],…,[<500 - <1000],…,[<500 - <1000],<100,[<100 - <200],<100,[<100 - <100],...,...,...,...,2009,3.1,2009,0.4,2009,4.8,
Canada,67 000,[56 000 -  78 000],48 000,[39 000 -  57 000],67 000,[56 000 -  78 000],48 000,[39 000 -  57 000],0.2, [0.1 - 0.3],0.2, [0.1 - 0.3],14 000,[12 000 -  16 000],9 000,[7 000 -  11 000],...,...,...,...,0.1, [<0.1 - 0.2],0.1, [<0.1 - 0.5],…, [<0.10 - <0.10],…, [<0.10 - <0.10],…,[2 300 - 4 300],…,[<1000 - 3800],<500,[<500 - <1000],<500,[<500 - <1000],...,...,...,...,2008,12.7,...,...,2008,14.7,
Mexico,220 000,[180 000 - 280 000],180 000,[150 000 - 210 000],220 000,[180 000 - 270 000],180 000,[150 000 - 210 000],0.3, [0.3 - 0.4],0.3, [0.2 - 0.4],59 000,[47 000 - 75 000],41 000,[33 000 - 49 000],...,...,...,...,0.1, [0.1 - 0.2],0.2, [0.1 - 0.2],…, [<0.10 - <0.10],…, [<0.10 - <0.10],…,[8800 - 21 000],…,[8300 - 20 000],…,[6400 - 12 000],…,[9800 - 15 000],...,...,...,...,2009,5.0,2009,0.9,2009,10.2,
United States of America,1 200 000,[930 000 - 1 700 000],940 000,[730 000 - 1 200 000],1 200 000,[930 000 - 1 700 000],930 000,[730 000 - 1 200 000],0.6, [0.4 - 0.8],0.5, [0.4 - 0.7],310 000,[220 000 - 430 000],210 000,[160 000 - 270 000],...,...,...,...,0.2, [0.1 - 0.3],0.3, [0.2 - 0.5],<0.10, [<0.10 - <0.10],<0.10, [<0.10 - <0.10],54 000,[24 000 - 110 000],54 000,[24 000 - 110 000],17 000,[13 000 - 36 000],17 000,[14 000 - 23 000],...,...,...,...,...,...,...,...,...,...,
Bahamas,6600,[2600 - 11 000],5900,[3900 - 8500],6100,[2400 - 11 000],5400,[3400 - 7600],3.1, [1.2 - 5.4],3.1, [1.9 - 4.4],3700,[1500 - 6400],3300,[2100 - 4600],...,...,...,...,3.1, [0.8 - 6.6],1.4, [0.5 - 2.8],…, [<0.10 - 0.62],…, [<0.10 - 0.43],…,[<200 - 1200],…,[<100 - 1100],<500,[<200 - <1000],<1000,[<500 - <1000],...,...,...,...,...,...,...,...,2009,25.6,
Barbados,2100,[1800 - 2500],<1000,[<1000 - 1000],2100,[1800 - 2500],<1000,[<1000 - 1000],1.4, [1.2 - 1.6],0.5, [0.4 - 0.6],<1000,[<1000 - <1000],<500,[<500 - <500],...,...,...,...,1.1, [0.8 - 1.4],0.9, [0.7 - 1.1],…, [<0.10 - 0.16],…, [<0.10 - 0.13],…,[<200 - <500],…,[<200 - <500],<100,[<100 - <100],<100,[<100 - <100],...,...,...,...,...,...,...,...,...,...,
Cuba,7100,[5700 - 8900],2600,[1900 - 3400],7000,[5600 - 8800],2600,[1900 - 3400],0.1, [0.1 - 0.1],<0.1, [<0.1 - 0.1],2200,[1700 - 2700],<1000,[<1000 - 1000],...,...,...,...,0.1, [<0.1 - 0.1],0.1, [<0.1 - 0.3],…, [<0.10 - <0.10],…, [<0.10 - <0.10],…,[<500 - <1000],…,[<500 - <1000],<100,[<100 - <500],<200,[<100 - <200],...,...,...,...,...,...,2009,0.1,2009,0.7,
Dominican Republic,57 000,[49 000 - 66 000],54 000,[45 000 - 65 000],54 000,[45 000 - 62 000],50 000,[43 000 - 60 000],0.9, [0.7 - 1.0],0.9, [0.8 - 1.1],32 000,[26 000 - 37 000],29 000,[24 000 - 35 000],...,...,...,...,0.7, [0.4 - 0.9],0.3, [0.1 - 0.4],<0.10, [<0.10 - <0.10],<0.10, [<0.10 - 0.10],3600,[1600 - 5000],3200,[1300 - 4400],2300,[1300 - 3400],3900,[2900 - 5500],...,...,...,...,...,...,2008,4.8,2004,10.7,
Haiti,120 000,[110 000 - 140 000],130 000,[110 000 - 160 000],110 000,[95 000 - 130 000],120 000,[100 000 - 140 000],1.9, [1.7 - 2.2],2.6, [2.3 - 3.0],67 000,[56 000 - 78 000],73 000,[61 000 - 87 000],12 000,[5700 - 18 000],12 000,[6300 - 19 000],1.3, [1.0 - 1.8],0.6, [0.4 - 0.8],0.15, [0.10 - 0.19],0.19, [0.15 - 0.23],8800,[6500 - 11 000],7600,[5400 - 10 000],7100,[5200 - 9400],12 000,[9200 - 14 000],...,...,...,...,...,...,2009,5.3,...,...,
Jamaica,32 000,[21 000 - 45 000],32 000,[23 000 - 41 000],31 000,[20 000 - 43 000],31 000,[22 000 - 39 000],1.7, [1.1 - 2.5],1.9, [1.3 - 2.4],10 000,[6700 - 14 000],9900,[7300 - 13 000],...,...,...,...,0.7, [0.3 - 1.4],1.0, [0.4 - 3.1],0.13, [<0.10 - 0.27],0.19, [0.10 - 0.25],2100,[<1000 - 4200],2000,[<1000 - 4000],1200,[<500 - 2100],2700,[2100 - 3500],...,...,...,...,...,...,2009,4.9,2007,31.8,
Trinidad and Tobago,15 000,[11 000 - 19 000],10 000,[7900 - 14 000],14 000,[11 000 - 19 000],10 000,[7800 - 14 000],1.5, [1.1 - 2.0],1.2, [0.9 - 1.6],4700,[3500 - 6100],3300,[2600 - 4300],...,...,...,...,0.7, [0.3 - 1.2],1.0, [0.4 - 3.3],…, [<0.10 - 0.21],…, [0.10 - 0.19],…,[<1000 - 1800],…,[<1000 - 1700],<1000,[<500 - <1000],<1000,[<500 - <1000],...,...,...,...,...,...,...,...,...,...,
Argentina,110 000,[88 000 - 140 000],80 000,[66 000 - 99 000],110 000,[87 000 - 140 000],79 000,[65 000 - 97 000],0.5, [0.3 - 0.6],0.4, [0.3 - 0.5],36 000,[28 000 - 45 000],25 000,[20 000 - 30 000],...,...,...,...,0.2, [0.1 - 0.3],0.3, [0.1 - 0.8],<0.10, [<0.10 - <0.10],<0.10, [<0.10 - <0.10],7500,[4100 - 11 000],7400,[4100 - 11 000],2900,[1600 - 4500],2800,[1600 - 4100],...,...,...,...,2008,11.9,2008,1.9,2008,11.8,
Belize,4800,[4000 - 5700],3600,[3000 - 4200],4400,[3600 - 5300],3300,[2800 - 3800],2.3, [2.0 - 2.8],2.2, [1.9 - 2.6],2600,[2100 - 3100],1900,[1600 - 2200],...,...,...,...,1.8, [1.4 - 2.7],0.7, [0.5 - 1.1],0.20, [0.13 - 0.32],0.30, [0.23 - 0.35],<500,[<500 - <1000],<500,[<500 - <1000],<500,[<500 - <500],<500,[<200 - <500],...,...,...,...,...,...,...,...,...,...,
Bolivia,12 000,[9000 - 16 000],12 000,[9100 - 16 000],11 000,[8400 - 15 000],11 000,[8600 - 15 000],0.2, [0.1 - 0.3],0.2, [0.2 - 0.3],3600,[2700 - 4800],3500,[2700 - 4600],...,...,...,...,0.1, [<0.1 - 0.1],0.1, [<0.1 - 0.3],…, [<0.10 - <0.10],…, [<0.10 - <0.10],…,[<1000 - 1600],…,[<500 - 1500],<1000,[<1000 - 1200],<1000,[<1000 - 1100],...,...,...,...,...,...,...,...,2008,11.6,
Brazil,...,[460 000 - 810 000],...,[380 000 - 560 000],...,[450 000 - 800 000],...,[360 000 - 550 000],..., [0.3 - 0.6],..., [0.3 - 0.5],...,[180 000 - 330 000],...,[140 000 - 210 000],...,...,...,...,..., [0.1 - 0.4],..., [0.1 - 0.3],..., [<0.10 - <0.10],…, [<0.10 - <0.10],...,[18 000 - 70 000],...,[17 000 - 69 000],...,[2000 - 25 000],...,[7200 - 24 000],...,...,...,...,2009,5.9,...,...,2009,12.6,
Chile,40 000,[32 000 - 51 000],24 000,[19 000 - 31 000],39 000,[31 000 - 50 000],24 000,[18 000 - 30 000],0.4, [0.3 - 0.5],0.3, [0.2 - 0.3],12 000,[9700 - 15 000],7200,[5500 - 9300],...,...,...,...,0.1, [0.1 - 0.3],0.2, [0.1 - 0.7],..., [<0.10 - <0.10],…, [<0.10 - <0.10],...,[1400 - 4300],...,[1200 - 4000],…,[<1000 - 2200],…,[<500 - 1200],...,...,...,...,...,...,...,...,2009,20.3,
Colombia,160 000,[120 000 - 210 000],210 000,[170 000 - 260 000],150 000,[120 000 - 200 000],210 000,[160 000 - 260 000],0.5, [0.4 - 0.7],0.8, [0.7 - 1.1],50 000,[38 000 - 65 000],65 000,[51 000 - 80 000],...,...,...,...,0.1, [0.1 - 0.3],0.2, [0.1 - 0.7],..., [<0.10 - <0.10],…, [<0.10 - <0.10],...,[2800 - 16 000],...,[2300 - 16 000],14 000,[11 000 - 18 000],13 000,[9800 - 17 000],...,...,...,...,...,...,2008,1.6,...,...,
Costa Rica,9800,[7500 - 13 000],4400,[3400 - 5900],9600,[7300 - 12 000],4400,[3300 - 5800],0.3, [0.2 - 0.4],0.2, [0.1 - 0.2],2800,[2100 - 3600],1300,[<1000 - 1700],...,...,...,...,0.1, [0.1 - 0.2],0.2, [0.1 - 0.3],..., [<0.10 - <0.10],…, [<0.10 - <0.10],...,[<500 - 1100],...,[<500 - 1000],<500,[<100 - <1000],<100,[<100 - <200],...,...,...,...,...,...,...,...,2009,12.7,
Ecuador,37 000,[28 000 - 50 000],36 000,[27 000 - 47 000],36 000,[27 000 - 49 000],35 000,[26 000 - 46 000],0.4, [0.3 - 0.6],0.5, [0.4 - 0.6],11 000,[8400 - 15 000],11 000,[8200 - 14 000],...,...,...,...,0.2, [0.1 - 0.3],0.2, [0.1 - 0.8],..., [<0.10 - <0.10],…, [<0.10 - <0.10],...,[1100 - 6200],...,[<100 - <100],2200,[1300 - 3300],2800,[2100 - 3700],...,...,...,...,...,...,...,...,...,...,
El Salvador,34 000,[25 000 - 44 000],25 000,[19 000 - 33 000],32 000,[24 000 - 42 000],24 000,[18 000 - 32 000],0.8, [0.6 - 1.1],0.8, [0.6 - 1.0],11 000,[8500 - 14 000],8000,[6000 - 11 000],...,...,...,...,0.3, [0.1 - 0.5],0.4, [0.2 - 1.3],..., [<0.10 - 0.11],…, [<0.10 - 0.14],...,[1200 - 4000],...,[1000 - 3800],1400,[<1000 - 2100],<1000,[<200 - 1100],...,...,...,...,...,...,2009,4.1,2009,9.8,
Guatemala,62 000,[47 000 - 82 000],31 000,[23 000 - 41 000],60 000,[45 000 - 79 000],30 000,[22 000 - 40 000],0.8, [0.6 - 1.0],0.5, [0.4 - 0.7],20 000,[15 000 - 26 000],9600,[7200 - 13 000],...,...,...,...,0.3, [0.2 - 0.6],0.5, [0.2 - 1.4],..., [<0.10 - 0.15],…, [<0.10 - 0.12],...,[3600 - 11 000],...,[3200 - 10 000],2600,[1600 - 3700],1500,[1000 - 2100],...,...,...,...,...,...,2006,1.0,2006,18.3,
Guyana,5900,[2700 - 8800],7800,[5300 - 12 000],5500,[2400 - 8200],7000,[4600 - 11 000],1.2, [0.5 - 1.9],1.4, [0.9 - 2.2],2800,[1100 - 4200],3800,[2400 - 5700],...,...,...,...,0.8, [0.2 - 1.5],0.6, [0.2 - 1.0],..., [<0.10 - 0.17],…, [<0.10 - <0.10],...,[<100 - <1000],...,[<100 - <1000],<500,[<100 - <1000],<1000,[<1000 - 1300],...,...,...,...,...,...,2009,16.6,2009,19.4,
Honduras,39 000,[26 000 - 51 000],44 000,[33 000 - 61 000],37 000,[24 000 - 49 000],42 000,[31 000 - 57 000],0.8, [0.5 - 1.0],1.2, [0.9 - 1.6],12 000,[7900 - 16 000],13 000,[9700 - 18 000],...,...,...,...,0.2, [0.1 - 0.4],0.3, [0.1 - 1.1],..., [<0.10 - <0.10],…, [<0.10 - 0.13],...,[<1000 - 3700],...,[<1000 - 3400],2500,[1700 - 3400],3700,[2800 - 5000],...,...,...,...,...,...,2006,2.3,2006,6.6,
Nicaragua,6900,[5200 - 9100],3700,[2900 - 4800],6700,[5000 - 8900],3600,[2800 - 4700],0.2, [0.1 - 0.3],0.1, [0.1 - 0.2],2100,[1600 - 2800],1100,[<1000 - 1400],...,...,...,...,0.1, [0.1 - 0.1],0.1, [0.1 - 0.2],..., [<0.10 - <0.10],…, [<0.10 - <0.10],...,[<500 - 1300],...,[<500 - 1300],<500,[<200 - <500],<200,[<200 - <500],...,...,...,...,...,...,...,...,2009,4.2,
Panama,20 000,[14 000 - 36 000],26 000,[17 000 - 50 000],20 000,[13 000 - 36 000],25 000,[16 000 - 49 000],0.9, [0.6 - 1.5],1.4, [0.9 - 2.7],6300,[4200 - 11 000],7600,[4900 - 15 000],...,...,...,...,0.3, [0.1 - 0.5],0.4, [0.2 - 1.3],..., [<0.10 - 0.11],…, [<0.10 - 0.14],...,[<1000 - 2200],...,[<1000 - 2100],1500,[<1000 - 3600],1600,[<1000 - 3200],...,...,...,...,...,...,...,...,...,...,
Paraguay,13 000,[9800 - 16 000],9200,[7200 - 13 000],12 000,[9600 - 16 000],9000,[7000 - 12 000],0.3, [0.2 - 0.4],0.3, [0.2 - 0.4],3800,[2900 - 4800],2700,[2100 - 3700],...,...,...,...,0.1, [0.1 - 0.2],0.2, [0.1 - 0.6],..., [<0.10 - <0.10],…, [<0.10 - <0.10],...,[<1000 - 1600],...,[<1000 - 1600],…,[<500 - <1000],…,[<500 - <1000],...,...,...,...,...,...,2008,1.8,2008,9.6,
Peru,75 000,[58 000 - 100 000],82 000,[65 000 - 100 000],73 000,[56 000 - 98 000],81 000,[64 000 - 99 000],0.4, [0.3 - 0.5],0.5, [0.4 - 0.6],18 000,[14 000 - 25 000],15 000,[12 000 - 19 000],...,...,...,...,0.1, [0.1 - 0.2],0.2, [0.1 - 0.3],..., [<0.10 - <0.10],…, [<0.10 - <0.10],…,[2300 - 6700],...,[2100 - 6300],5000,[3800 - 6600],6300,[5200 - 7900],...,...,...,...,...,...,...,...,2009,10.1,
Suriname,3700,[2700 - 5300],3300,[2300 - 4500],3600,[2700 - 5100],3200,[2300 - 4400],1.0, [0.7 - 1.4],1.0, [0.7 - 1.4],1100,[<1000 - 1600],<1000,[<1000 - 1300],...,...,...,...,0.4, [0.2 - 0.7],0.6, [0.2 - 2.0],<0.10, [<0.10 - <0.10],0.11, [<0.10 - 0.16],<500,[<100 - <500],<200,[<100 - <500],<200,[<200 - <500],<500,[<200 - <500],...,...,...,...,...,...,...,...,...,...,
Uruguay,9900,[8400 - 12 000],7000,[5900 - 8200],9600,[8100 - 11 000],6800,[5800 - 8000],0.5, [0.4 - 0.6],0.4, [0.3 - 0.4],3100,[2600 - 3600],2100,[1800 - 2500],...,...,...,...,0.2, [0.1 - 0.3],0.3, [0.1 - 1.0],…, [<0.10 - <0.10],…, [<0.10 - <0.10],…,[<500 - <1000],…,[<500 - <1000],…,…,…,…,...,...,...,...,...,...,…,...,2008,9.1,
Venezuela,...,...,...,...,...,...,...,...,...,...,...,...,...,...,...,...,...,...,...,...,...,...,...,...,...,...,...,...,...,...,...,...,...,...,...,...,...,...,...,...,...,...,...,...,...,...,
